Email: ,josephnyameke45@gmail.com,"
Subject : ",Proramming,"
Message : ",You were forwarded to this page because you pressed the Transform button in CSViewer but you You were forwarded to this page because you pressed the Transform button in CSViewer but you don't have EasyMorph installed on your computer.don't have You were forwarded to this page because you pressed the Transform button in CSViewer but you don't have EasyMorph installed on your computer.EasyMorph installed on your computer.
Email: ,josephnyameke45@gmail.com,"
Subject : ",i love programming,"
Message : ",
Email: ,josephnyameke45@gmail.com,"
Subject : ",regular customer,"
Message : ","Python is a mature programming language which has established a reputation for stability. In order to maintain this reputation, the developers would like to know of any deficiencies you find in Python.

It can be sometimes faster to fix bugs yourself and contribute patches to Python as it streamlines the process and involves less people. Learn how to contribute."
